容错执行框架,容错执行框架->智能工单路由,容错执行框架.depth==0
容错执行框架,容错执行框架->去中心化协同,容错执行框架.depth==0
智能工单路由,智能工单路由->工单特征编码,智能工单路由.depth==1
工单特征编码,工单特征编码->路由策略学习,工单特征编码.depth==2
路由策略学习,路由策略学习->路径质量评估,路由策略学习.depth==3
路径质量评估,路径质量评估->动态路由表,路径质量评估.depth==4
动态路由表,动态路由表->路由异常恢复,动态路由表.depth==5
路由异常恢复,路由异常恢复->Null,路由异常恢复.depth==6
去中心化协同,去中心化协同->智能合约设计,去中心化协同.depth==1
智能合约设计,智能合约设计->共识机制配置,智能合约设计.depth==2
共识机制配置,共识机制配置->冲突消解协议,共识机制配置.depth==3
冲突消解协议,冲突消解协议->协同效能审计,冲突消解协议.depth==4
协同效能审计,协同效能审计->分布式日志存证,协同效能审计.depth==5
分布式日志存证,分布式日志存证->Null,分布式日志存证.depth==6