自适应监控体系,自适应监控体系->联邦学习监控,自适应监控体系.depth==0
自适应监控体系,自适应监控体系->数字孪生优化,自适应监控体系.depth==0
联邦学习监控,联邦学习监控->模型参数加密,联邦学习监控.depth==1
模型参数加密,模型参数加密->梯度安全聚合,模型参数加密.depth==2
梯度安全聚合,梯度安全聚合->漂移检测,梯度安全聚合.depth==3
漂移检测,漂移检测->联邦模型更新,漂移检测.depth==4
联邦模型更新,联邦模型更新->隐私保护验证,联邦模型更新.depth==5
隐私保护验证,隐私保护验证->Null,隐私保护验证.depth==6
数字孪生优化,数字孪生优化->孪生体同步,数字孪生优化.depth==1
孪生体同步,孪生体同步->仿真沙箱构建,孪生体同步.depth==2
仿真沙箱构建,仿真沙箱构建->参数敏感性分析,仿真沙箱构建.depth==3
参数敏感性分析,参数敏感性分析->虚拟试运行,参数敏感性分析.depth==4
虚拟试运行,虚拟试运行->策略迁移验证,虚拟试运行.depth==5
策略迁移验证,策略迁移验证->Null,策略迁移验证.depth==6