备件运输,备件运输->供应商选择,备件运输.depth==0
供应商选择,供应商选择->需求分析,供应商选择.depth==1
运输计划制定,运输计划制定->路线规划,运输计划制定.depth==1
运输执行,运输执行->在途监控,运输执行.depth==1
监控与调整,监控与调整->异常响应,监控与调整.depth==1
数据分析与优化,数据分析与优化->运输成本分析,数据分析与优化.depth==1
需求分析,需求分析->历史需求统计,需求分析.depth==2
需求分析,需求分析->紧急需求预测,需求分析.depth==2
供应商评估,供应商评估->资质审核,供应商评估.depth==2
供应商评估,供应商评估->交付能力评估,供应商评估.depth==2
合同签订,合同签订->Null,合同签订.depth==2
订单生成,订单生成->Null,订单生成.depth==2
历史需求统计,历史需求统计->时序数据分析,历史需求统计.depth==3
紧急需求预测,紧急需求预测->故障模式匹配,紧急需求预测.depth==3
资质审核,资质审核->ISO认证校验,资质审核.depth==3
资质审核,资质审核->历史履约记录,资质审核.depth==3
交付能力评估,交付能力评估->Null,交付能力评估.depth==2
时序数据分析,时序数据分析->ARIMA模型拟合,时序数据分析.depth==4
时序数据分析,时序数据分析->异常值检测,时序数据分析.depth==4
故障模式匹配,故障模式匹配->Null,故障模式匹配.depth==4
ISO认证校验,ISO认证校验->Null,ISO认证校验.depth==4
历史履约记录,历史履约记录->延迟交付次数,历史履约记录.depth==4
历史履约记录,历史履约记录->质量投诉率,历史履约记录.depth==4
ARIMA模型拟合,ARIMA模型拟合->参数调优,ARIMA模型拟合.depth==5
异常值检测,异常值检测->Null,异常值检测.depth==5
延迟交付次数,延迟交付次数->原因分类,延迟交付次数.depth==5
延迟交付次数,延迟交付次数->改进措施跟踪,延迟交付次数.depth==5
质量投诉率,质量投诉率->Null,质量投诉率.depth==5
参数调优,参数调优->Null,参数调优.depth==6
原因分类,原因分类->Null,原因分类.depth==6
改进措施跟踪,改进措施跟踪->Null,改进措施跟踪.depth==6
路线规划,路线规划->多目标优化,路线规划.depth==2
资源分配,资源分配->车辆调度,资源分配.depth==2
多目标优化,多目标优化->动态路径调整,多目标优化.depth==3
车辆调度,车辆调度->载重匹配,车辆调度.depth==3
动态路径调整,动态路径调整->实时交通事件处理,动态路径调整.depth==4
载重匹配,载重匹配->三维装载模拟,载重匹配.depth==4
实时交通事件处理,实时交通事件处理->事件优先级排序,实时交通事件处理.depth==5
三维装载模拟,三维装载模拟->稳定性计算,三维装载模拟.depth==5
事件优先级排序,事件优先级排序->拥堵等级映射,事件优先级排序.depth==6
事件优先级排序,事件优先级排序->绕行策略生成,事件优先级排序.depth==6
稳定性计算,稳定性计算->重心偏移阈值,稳定性计算.depth==6
拥堵等级映射,拥堵等级映射->Null,拥堵等级映射.depth==7
绕行策略生成,绕行策略生成->Null,绕行策略生成.depth==7
重心偏移阈值,重心偏移阈值->Null,重心偏移阈值.depth==7
在途监控,在途监控->GPS轨迹追踪,在途监控.depth==2
异常响应,异常响应->备件损坏处理,异常响应.depth==2
GPS轨迹追踪,GPS轨迹追踪->地理围栏告警,GPS轨迹追踪.depth==3
备件损坏处理,备件损坏处理->现场快速检测,备件损坏处理.depth==3
地理围栏告警,地理围栏告警->偏离路径分析,地理围栏告警.depth==4
现场快速检测,现场快速检测->替代方案生成,现场快速检测.depth==4
偏离路径分析,偏离路径分析->司机行为评估,偏离路径分析.depth==5
替代方案生成,替代方案生成->就近仓库调拨,替代方案生成.depth==5
司机行为评估,司机行为评估->疲劳驾驶检测,司机行为评估.depth==6
就近仓库调拨,就近仓库调拨->库存实时同步,就近仓库调拨.depth==6
疲劳驾驶检测,疲劳驾驶检测->Null,疲劳驾驶检测.depth==7
库存实时同步,库存实时同步->Null,库存实时同步.depth==7
运输成本分析,运输成本分析->燃油效率模型,运输成本分析.depth==2
燃油效率模型,燃油效率模型->车型参数匹配,燃油效率模型.depth==3
车型参数匹配,车型参数匹配->坡度-油耗关系,车型参数匹配.depth==4
坡度-油耗关系,坡度-油耗关系->动态修正系数,坡度-油耗关系.depth==5
动态修正系数,动态修正系数->机器学习迭代,动态修正系数.depth==6
机器学习迭代,机器学习迭代->Null,机器学习迭代.depth==7