备用运输计划生成,备用运输计划生成->抗干扰路径规划,备用运输计划生成->弹性资源编排,备用运输计划生成.depth==0
抗干扰路径规划,抗干扰路径规划->韧性网络拓扑建模,抗干扰路径规划.depth==1
韧性网络拓扑建模,韧性网络拓扑建模->多模态交通图嵌入,韧性网络拓扑建模.depth==2
多模态交通图嵌入,多模态交通图嵌入->图注意力机制,多模态交通图嵌入.depth==3
图注意力机制,图注意力机制->鲁棒性路径生成,图注意力机制.depth==4
鲁棒性路径生成,鲁棒性路径生成->容灾路由协议,鲁棒性路径生成.depth==5
容灾路由协议,容灾路由协议->Null,容灾路由协议.depth==6
弹性资源编排,弹性资源编排->动态容量预测,弹性资源编排.depth==1
动态容量预测,动态容量预测->量子启发式优化,动态容量预测.depth==2
量子启发式优化,量子启发式优化->超曲面搜索,量子启发式优化.depth==3
超曲面搜索,超曲面搜索->资源拓扑重构,超曲面搜索.depth==4
资源拓扑重构,资源拓扑重构->异构资源池化,资源拓扑重构.depth==5
异构资源池化,异构资源池化->Null,异构资源池化.depth==6