资源调配,资源调配->量子退火优化,资源调配.depth==0
量子退火优化,量子退火优化->超图建模,量子退火优化.depth==1
超图建模,超图建模->QUBO问题转换,超图建模.depth==2
超图建模,超图建模->动态约束松弛,超图建模.depth==2
QUBO问题转换,QUBO问题转换->量子比特映射,QUBO问题转换.depth==3
量子比特映射,量子比特映射->退火过程模拟,量子比特映射.depth==4
退火过程模拟,退火过程模拟->经典-量子混合求解,退火过程模拟.depth==5
经典-量子混合求解,经典-量子混合求解->多维解空间验证,经典-量子混合求解.depth==6
多维解空间验证,多维解空间验证->资源拓扑重构,多维解空间验证.depth==7
资源拓扑重构,资源拓扑重构->Null,资源拓扑重构.depth==8
动态约束松弛,动态约束松弛->虚拟资源池构建,动态约束松弛.depth==3
虚拟资源池构建,虚拟资源池构建->时空切片预留,虚拟资源池构建.depth==4
时空切片预留,时空切片预留->抗干扰路由规划,时空切片预留.depth==5
抗干扰路由规划,抗干扰路由规划->Null,抗干扰路由规划.depth==6