维修执行,维修执行->多智能体共识机制,维修执行.depth==0
多智能体共识机制,多智能体共识机制->分布式任务拍卖,多智能体共识机制.depth==1
分布式任务拍卖,分布式任务拍卖->能力画像匹配,分布式任务拍卖.depth==2
分布式任务拍卖,分布式任务拍卖->强化学习沙盒,分布式任务拍卖.depth==2
能力画像匹配,能力画像匹配->动态角色分配,能力画像匹配.depth==3
动态角色分配,动态角色分配->群体行为演化,动态角色分配.depth==4
群体行为演化,群体行为演化->涌现策略捕获,群体行为演化.depth==5
涌现策略捕获,涌现策略捕获->自组织质量检验,涌现策略捕获.depth==6
自组织质量检验,自组织质量检验->可信执行环境构建,自组织质量检验.depth==7
可信执行环境构建,可信执行环境构建->Null,可信执行环境构建.depth==8
强化学习沙盒,强化学习沙盒->虚拟试错空间,强化学习沙盒.depth==3
虚拟试错空间,虚拟试错空间->风险隔离训练,虚拟试错空间.depth==4
风险隔离训练,风险隔离训练->策略蒸馏部署,风险隔离训练.depth==5
策略蒸馏部署,策略蒸馏部署->Null,策略蒸馏部署.depth==6